"Activity Date","Process Date","Settle Date","Instrument","Description","Trans Code","Quantity","Price","Amount"
"9/18/2026","9/18/2026","9/18/2026","VLUE","Manufactured Div: R/D 2026-09-15 P/D 2026-09-18 - 5 shares at 0.951443","MDIV","","","$4.76"
"9/8/2026","9/8/2026","9/8/2026","DRAL","Stock Lending","SLIP","","","$0.30"
"9/8/2026","9/8/2026","9/8/2026","VLUE","Stock Lending","SLIP","","","$0.01"
"9/8/2026","9/8/2026","9/8/2026","BX","Stock Lending","SLIP","","","$0.01"
"9/4/2026","9/4/2026","9/8/2026","CVX","CVX 9/18/2026 Call $210.00","STC","5","$3.25","$1,624.74"
"8/31/2026","8/31/2026","9/1/2026","CVX","CVX 9/18/2026 Call $210.00","BTO","5","$2.50","($1,250.20)"
"8/10/2026","8/10/2026","8/11/2026","","ACH Deposit","ACH","","","$2,500.00"
"8/7/2026","8/7/2026","8/7/2026","DRAL","Stock Lending","SLIP","","","$0.30"
"8/7/2026","8/7/2026","8/7/2026","BX","Stock Lending","SLIP","","","$0.01"
"8/7/2026","8/7/2026","8/7/2026","VLUE","Stock Lending","SLIP","","","$0.01"
"8/5/2026","8/5/2026","8/5/2026","BX","Cash Div: R/D 2026-08-03 P/D 2026-08-10 - 10 shares at 1.29","CDIV","","","$12.90"
"8/5/2026","8/5/2026","8/6/2026","RGTI","RGTI 8/21/2026 Call $30.00","STC","3","$0.06","$17.86"
"7/30/2026","7/30/2026","7/31/2026","MRVL","Marvell Technology
CUSIP: 573874104","Sell","5","$190.00","$949.98"
"7/22/2026","7/22/2026","7/23/2026","RDDT","Reddit
CUSIP: 75734B100","Sell","10","$166.08","$1,660.76"
"7/20/2026","7/20/2026","7/21/2026","QQQ","Invesco QQQ
CUSIP: 46090E103","Buy","1","$699.00","($699.00)"
"7/17/2026","7/17/2026","7/20/2026","SNDK","Sandisk Corporation
CUSIP: 80004C200","Buy","1","$1,495.05","($1,495.05)"
"7/17/2026","7/17/2026","7/20/2026","SNDK","Sandisk Corporation
CUSIP: 80004C200","Sell","1","$1,500.00","$1,499.96"
"7/17/2026","7/17/2026","7/20/2026","MU","Micron Technology
CUSIP: 595112103","Sell","1","$850.00","$849.98"
"7/14/2026","7/14/2026","7/14/2026","MRVL","Cash Div: R/D 2026-07-10 P/D 2026-07-30 - 5 shares at 0.06","CDIV","","","$0.30"
"7/14/2026","7/14/2026","7/14/2026","ORCL","Cash Div: R/D 2026-07-10 P/D 2026-07-24 - 5 shares at 0.5","CDIV","","","$2.50"
"7/14/2026","7/14/2026","7/15/2026","DRAL","Defiance Daily Target 2X Long DRAM ETF
CUSIP: 88634T329","Buy","1","$13.90","($13.90)"
"7/9/2026","7/9/2026","7/10/2026","PLTR","Palantir Technologies
CUSIP: 69608A108","Buy","13","$125.00","($1,625.00)"
"7/9/2026","7/9/2026","7/10/2026","DRAL","Defiance Daily Target 2X Long DRAM ETF
CUSIP: 88634T329","Buy","47","$16.70","($784.90)"
"7/9/2026","7/9/2026","7/10/2026","","ACH Deposit","ACH","","","$11.87"
"7/8/2026","7/8/2026","7/8/2026","MU","Cash Div: R/D 2026-07-06 P/D 2026-07-21 - 1 shares at 0.15","CDIV","","","$0.15"
"7/8/2026","7/8/2026","7/8/2026","DRAM","Stock Lending","SLIP","","","$0.01"
"7/8/2026","7/8/2026","7/8/2026","VLUE","Stock Lending","SLIP","","","$0.01"
"7/2/2026","7/2/2026","7/6/2026","ICHR","Ichor Holdings
CUSIP: G4740B105","Buy","15","$105.00","($1,575.00)"
"6/30/2026","6/30/2026","6/30/2026","VOO","Cash Div: R/D 2026-06-26 P/D 2026-06-30 - 4 shares at 1.9622","CDIV","","","$7.85"
"6/25/2026","6/25/2026","6/26/2026","SNDK","Sandisk Corporation
CUSIP: 80004C200","Sell","1","$2,250.00","$2,249.95"
"6/22/2026","6/22/2026","6/23/2026","BXDC","Blackstone Digital Infrastructure Trust
CUSIP: 09264B107","Sell","75","$22.51","$1,688.20"
"6/18/2026","6/18/2026","6/18/2026","VLUE","Manufactured Div: R/D 2026-06-15 P/D 2026-06-18 - 3 shares at 0.697154","MDIV","","","$2.09"
"6/18/2026","6/18/2026","6/18/2026","VLUE","Cash Div: R/D 2026-06-15 P/D 2026-06-18 - 2 shares at 0.697154","CDIV","","","$1.40"
"6/15/2026","6/15/2026","6/16/2026","VOO","Vanguard S&P 500 ETF
CUSIP: 922908363","Buy","4","$693.00","($2,772.00)"
"6/15/2026","6/15/2026","6/16/2026","","ACH Deposit","ACH","","","$1,500.00"
"6/12/2026","6/12/2026","6/15/2026","SPY","SPY 6/12/2026 Put $730.00","STC","2","$0.30","$59.90"
"6/12/2026","6/12/2026","6/15/2026","SPY","SPY 6/12/2026 Put $730.00","BTO","2","$1.26","($252.08)"
"6/10/2026","6/10/2026","6/11/2026","SPY","SPY 6/10/2026 Call $740.00","STC","2","$1.45","$289.90"
"6/9/2026","6/9/2026","6/10/2026","SPY","SPY 6/10/2026 Call $740.00","BTO","2","$1.60","($320.08)"
"6/9/2026","6/9/2026","6/10/2026","NBIS","Nebius Group
CUSIP: N97284108","Sell","1","$211.20","$211.20"
"6/9/2026","6/9/2026","6/10/2026","NBIS","Nebius Group
CUSIP: N97284108","Sell","3","$211.25","$633.73"
"6/9/2026","6/9/2026","6/10/2026","NBIS","Nebius Group
CUSIP: N97284108","Sell","3","$211.25","$633.73"
"6/8/2026","6/8/2026","6/9/2026","DRAM","Roundhill Memory ETF
CUSIP: 77926X320","Buy","25","$59.50","($1,487.50)"
"6/8/2026","6/8/2026","6/9/2026","","ACH Deposit","ACH","","","$600.00"
"6/5/2026","6/5/2026","6/5/2026","SAP","Stock Lending","SLIP","","","$0.01"
"6/5/2026","6/5/2026","6/5/2026","VLUE","Stock Lending","SLIP","","","$0.01"
"6/3/2026","6/3/2026","6/4/2026","MRVL","Marvell Technology
CUSIP: 573874104","Buy","5","$300.00","($1,500.00)"
"6/1/2026","6/1/2026","6/2/2026","RGTI","RGTI 8/21/2026 Call $30.00","BTO","3","$4.60","($1,380.12)"
"5/29/2026","5/29/2026","6/1/2026","SPCE","Virgin Galactic Holdings
CUSIP: 92766K403","Sell","90","$6.45","$580.46"
"5/29/2026","5/29/2026","6/1/2026","SPCE","Virgin Galactic Holdings
CUSIP: 92766K403","Sell","10","$6.45","$64.50"
"5/29/2026","5/29/2026","6/1/2026","SPCE","Virgin Galactic Holdings
CUSIP: 92766K403","Buy","100","$5.70","($570.00)"
"5/29/2026","5/29/2026","6/1/2026","SAP","SAP
CUSIP: 803054204","Sell","9","$180.00","$1,619.96"
"5/29/2026","5/29/2026","6/1/2026","","ACH Deposit","ACH","","","$750.00"
"5/27/2026","5/27/2026","5/28/2026","RDDT","Reddit
CUSIP: 75734B100","Buy","10","$153.50","($1,535.00)"
"5/27/2026","5/27/2026","5/28/2026","","ACH Deposit","ACH","","","$2,000.00"
"5/20/2026","5/20/2026","5/21/2026","NOW","ServiceNow
CUSIP: 81762P102","Buy","3","$97.50","($292.50)"
"5/20/2026","5/20/2026","5/21/2026","BXDC","Blackstone Digital Infrastructure Trust
CUSIP: 09264B107","Buy","75","$22.50","($1,687.50)"
"5/19/2026","5/19/2026","5/20/2026","SAP","SAP
CUSIP: 803054204","Buy","9","$179.00","($1,611.00)"
"5/19/2026","5/19/2026","5/20/2026","MU","Micron Technology
CUSIP: 595112103","Sell","1","$700.00","$699.98"
"5/19/2026","5/19/2026","5/20/2026","SNDK","Sandisk Corporation
CUSIP: 80004C200","Sell","2","$1,350.00","$2,699.94"
"5/19/2026","5/19/2026","5/20/2026","NBIS","Nebius Group
CUSIP: N97284108","Sell","3","$192.00","$575.98"
"5/15/2026","5/15/2026","5/18/2026","NOW","ServiceNow
CUSIP: 81762P102","Buy","15","$92.00","($1,380.00)"
"5/14/2026","5/14/2026","5/15/2026","VLUE","iShares MSCI USA Value Factor ETF
CUSIP: 46432F388","Buy","5","$185.00","($925.00)"
"5/13/2026","5/13/2026","5/14/2026","MU","Micron Technology
CUSIP: 595112103","Sell","1","$810.51","$810.49"
"5/11/2026","5/11/2026","5/12/2026","HIMS","Hims & Hers Health
CUSIP: 433000106","Buy","40","$27.50","($1,100.00)"
"5/6/2026","5/6/2026","5/6/2026","BX","Cash Div: R/D 2026-05-04 P/D 2026-05-11 - 10 shares at 1.16","CDIV","","","$11.60"
"5/6/2026","5/6/2026","5/6/2026","POET","Stock Lending","SLIP","","","$0.01"
"4/28/2026","4/28/2026","4/29/2026","NFLX","NFLX 6/18/2026 Call $100.00","STC","3","$1.50","$449.86"
"4/28/2026","4/28/2026","4/29/2026","NFLX","NFLX 6/18/2026 Call $100.00","STC","1","$1.50","$149.94"
"4/27/2026","4/27/2026","4/28/2026","POET","POET Technologies
CUSIP: 73044W302","Sell","150","$9.50","$1,424.94"
"4/24/2026","4/24/2026","4/24/2026","ORCL","Cash Div: R/D 2026-04-09 P/D 2026-04-24 - 5 shares at 0.5","CDIV","","","$2.50"
"4/21/2026","4/21/2026","4/22/2026","BX","Blackstone
CUSIP: 09260D107","Buy","10","$132.00","($1,320.00)"
"4/20/2026","4/20/2026","4/21/2026","NFLX","NFLX 6/18/2026 Call $100.00","BTO","4","$2.75","($1,100.16)"
"4/20/2026","4/20/2026","4/21/2026","","ACH Deposit","ACH","","","$1,500.00"
"4/15/2026","4/15/2026","4/15/2026","MU","Cash Div: R/D 2026-03-30 P/D 2026-04-15 - 3 shares at 0.15","CDIV","","","$0.45"
"4/9/2026","4/9/2026","4/10/2026","ISSC","ISSC 4/17/2026 Call $22.50","STC","5","$1.50","$749.76"
"4/8/2026","4/8/2026","4/8/2026","NBIS","Stock Lending","SLIP","","","$0.01"
"4/8/2026","4/8/2026","4/8/2026","POET","Stock Lending","SLIP","","","$0.01"
"3/12/2026","3/12/2026","3/13/2026","ONDS","ONDS 3/20/2026 Call $12.00","STC","10","$0.30","$299.57"
"3/9/2026","3/9/2026","3/10/2026","SLV","SLV 3/27/2026 Call $90.00","STC","5","$1.50","$749.78"
"3/6/2026","3/6/2026","3/6/2026","POET","Stock Lending","SLIP","","","$0.01"
"3/3/2026","3/3/2026","3/4/2026","SLV","SLV 3/27/2026 Call $90.00","BTO","5","$2.15","($1,075.20)"
"2/12/2026","2/12/2026","2/13/2026","VIX","VIX 2/18/2026 Call $18.00","STC","4","$2.65","$1,056.04"
"2/9/2026","2/9/2026","2/10/2026","VIX","VIX 2/18/2026 Call $18.00","BTO","4","$1.70","($683.76)"
"2/6/2026","2/6/2026","2/6/2026","POET","Stock Lending","SLIP","","","$0.01"
"2/4/2026","2/4/2026","2/5/2026","ISSC","ISSC 4/17/2026 Call $22.50","BTO","5","$1.35","($675.20)"
"2/4/2026","2/4/2026","2/5/2026","ONDS","ONDS 3/20/2026 Call $12.00","BTO","10","$0.80","($800.40)"
"1/29/2026","1/29/2026","1/30/2026","CVX","CVX 2/20/2026 Call $170.00","STC","3","$5.75","$1,724.87"
"1/26/2026","1/26/2026","1/27/2026","CVX","CVX 2/20/2026 Call $170.00","BTO","3","$2.55","($765.12)"
"1/23/2026","1/23/2026","1/23/2026","ORCL","Cash Div: R/D 2026-01-09 P/D 2026-01-23 - 5 shares at 0.5","CDIV","","","$2.50"
"1/15/2026","1/15/2026","1/20/2026","","ACH Deposit","ACH","","","$1,250.00"
"1/7/2026","1/7/2026","1/7/2026","SGOV","Stock Lending","SLIP","","","$0.01"
"1/6/2026","1/6/2026","1/7/2026","SNDK","Sandisk Corporation
CUSIP: 80004C200","Buy","4","$344.04","($1,376.14)"
"1/6/2026","1/6/2026","1/7/2026","IBIT","iShares Bitcoin Trust ETF
CUSIP: 46438F101","Sell","5","$52.23","$261.17"
"1/6/2026","1/6/2026","1/7/2026","MU","Micron Technology
CUSIP: 595112103","Buy","3","$338.00","($1,014.00)"
"1/5/2026","1/5/2026","1/6/2026","IREN","IREN Limited
CUSIP: Q4982L109","Buy","23","$47.50","($1,092.50)"
"12/29/2025","12/29/2025","12/30/2025","POET","POET Technologies
CUSIP: 73044W302","Buy","150","$6.75","($1,012.50)"
"12/26/2025","12/26/2025","12/29/2025","RKLB","Rocket Lab Corporation
CUSIP: 773121108","Sell","20","$72.60","$1,452.00"
"12/26/2025","12/26/2025","12/29/2025","RKLB","Rocket Lab Corporation
CUSIP: 773121108","Buy","20","$72.50","($1,450.00)"
"12/26/2025","12/26/2025","12/26/2025","","Event Contracts Inter-Entity Cash Transfer","FUTSWP","","","($5.26)"
"12/24/2025","12/24/2025","12/24/2025","","Event Contracts Inter-Entity Cash Transfer","FUTSWP","","","($14.49)"
"12/22/2025","12/22/2025","12/23/2025","PATH","PATH 1/16/2026 Call $20.00","STC","8","$0.20","$159.82"
"12/12/2025","12/12/2025","12/15/2025","ORCL","Oracle
CUSIP: 68389X105","Sell","5","$190.00","$950.00"
"12/11/2025","12/11/2025","12/12/2025","PATH","PATH 1/16/2026 Call $20.00","BTO","8","$0.90","($720.16)"
"12/11/2025","12/11/2025","12/12/2025","PATH","PATH 1/16/2026 Call $15.00","STC","6","$4.00","$2,399.86"
"12/10/2025","12/10/2025","12/11/2025","NBIS","Nebius Group
CUSIP: N97284108","Buy","10","$95.00","($950.00)"
"12/5/2025","12/5/2025","12/8/2025","IBIT","iShares Bitcoin Trust ETF
CUSIP: 46438F101","Buy","20","$51.50","($1,030.00)"
"12/4/2025","12/4/2025","12/4/2025","SGOV","Cash Div: R/D 2025-12-01 P/D 2025-12-04 - 77.639013 shares at 0.312906","CDIV","","","$24.29"
"12/4/2025","12/4/2025","12/5/2025","ORCL","Oracle
CUSIP: 68389X105","Buy","10","$213.00","($2,130.00)"
"12/4/2025","12/4/2025","12/5/2025","ASTS","AST SpaceMobile
CUSIP: 00217D100","Buy","15","$72.50","($1,087.50)"
"12/4/2025","12/4/2025","12/4/2025","SGOV","Stock Lending","SLIP","","","$0.01"
"12/4/2025","12/4/2025","12/4/2025","KLAR","Stock Lending","SLIP","","","$0.01"
"12/3/2025","12/3/2025","12/4/2025","PATH","PATH 1/16/2026 Call $15.00","BTO","6","$1.65","($990.12)"
"12/2/2025","12/2/2025","12/3/2025","SGOV","iShares 0-3 Month Treasury Bond
CUSIP: 46436E718","Sell","77","$100.40","$7,730.79"
"12/2/2025","12/2/2025","12/3/2025","SGOV","iShares 0-3 Month Treasury Bond
CUSIP: 46436E718","Sell","0.639013","$100.39","$64.15"
"11/14/2025","11/14/2025","11/17/2025","SGOV","iShares 0-3 Month Treasury Bond
CUSIP: 46436E718","Buy","77.639013","$100.53","($7,805.05)"
"11/14/2025","11/14/2025","11/17/2025","ONDS","ONDS 1/16/2026 Call $7.50","STC","5","$0.95","$474.78"
"11/14/2025","11/14/2025","11/17/2025","SPYG","State Street SPDR Portfolio S&P 500 Growth ETF
CUSIP: 78464A409","Sell","0.45267","$103.15","$46.69"
"11/14/2025","11/14/2025","11/17/2025","SPYG","State Street SPDR Portfolio S&P 500 Growth ETF
CUSIP: 78464A409","Sell","7","$103.01","$721.07"
"11/14/2025","11/14/2025","11/17/2025","RDDT","Reddit
CUSIP: 75734B100","Sell","2","$184.60","$369.20"
"11/14/2025","11/14/2025","11/17/2025","KLAR","Klarna Group
CUSIP: G5279N105","Sell","8","$34.15","$273.20"
"11/14/2025","11/14/2025","11/17/2025","QQQ","Invesco QQQ
CUSIP: 46090E103","Sell","0.28771","$601.18","$172.97"
"11/14/2025","11/14/2025","11/17/2025","QQQM","Invesco Exchange-Traded Fund Trust II Invesco NASDAQ 100 ETF
CUSIP: 46138G649","Sell","1","$247.86","$247.86"
"11/14/2025","11/14/2025","11/17/2025","QQQM","Invesco Exchange-Traded Fund Trust II Invesco NASDAQ 100 ETF
CUSIP: 46138G649","Sell","1","$247.86","$247.86"
"11/14/2025","11/14/2025","11/17/2025","QQQM","Invesco Exchange-Traded Fund Trust II Invesco NASDAQ 100 ETF
CUSIP: 46138G649","Sell","2","$247.86","$495.72"
"11/14/2025","11/14/2025","11/17/2025","COIN","Coinbase
CUSIP: 19260Q107","Sell","4","$274.50","$1,098.00"
"11/14/2025","11/14/2025","11/17/2025","META","Meta Platforms
CUSIP: 30303M102","Sell","6","$604.00","$3,624.00"
"11/10/2025","11/10/2025","11/12/2025","QQQM","Invesco Exchange-Traded Fund Trust II Invesco NASDAQ 100 ETF
CUSIP: 46138G649","Buy","4","$254.50","($1,018.00)"
"11/10/2025","11/10/2025","11/12/2025","ONDS","ONDS 1/16/2026 Call $7.50","BTO","5","$0.95","($475.21)"
"11/10/2025","11/10/2025","11/12/2025","COIN","Coinbase
CUSIP: 19260Q107","Buy","4","$320.00","($1,280.00)"
"11/10/2025","11/10/2025","11/12/2025","SGOV","iShares 0-3 Month Treasury Bond
CUSIP: 46436E718","Sell","27.651147","$100.47","$2,778.11"
"11/7/2025","11/7/2025","11/7/2025","KLAR","Stock Lending","SLIP","","","$0.01"
"11/7/2025","11/7/2025","11/7/2025","GLD","Stock Lending","SLIP","","","$0.01"
"11/7/2025","11/7/2025","11/7/2025","BITF","Stock Lending","SLIP","","","$0.01"
"11/6/2025","11/6/2025","11/6/2025","SGOV","Cash Div: R/D 2025-11-03 P/D 2025-11-06 - 53.996034 shares at 0.347608","CDIV","","","$18.77"
"11/6/2025","11/6/2025","11/7/2025","META","Meta Platforms
CUSIP: 30303M102","Buy","1","$620.00","($620.00)"
"11/5/2025","11/5/2025","11/6/2025","SGOV","iShares 0-3 Month Treasury Bond
CUSIP: 46436E718","Buy","27.651147","$100.42","($2,776.59)"
"11/4/2025","11/4/2025","11/5/2025","QQQ","Invesco QQQ
CUSIP: 46090E103","Sell","1","$625.00","$625.00"
"11/4/2025","11/4/2025","11/5/2025","CRWV","CoreWeave
CUSIP: 21873S108","Sell","5","$120.00","$600.00"
"11/3/2025","11/3/2025","11/4/2025","META","Meta Platforms
CUSIP: 30303M102","Buy","1","$640.00","($640.00)"
"11/3/2025","11/3/2025","11/4/2025","META","Meta Platforms
CUSIP: 30303M102","Buy","4","$650.00","($2,600.00)"
"11/3/2025","11/3/2025","11/4/2025","SGOV","iShares 0-3 Month Treasury Bond
CUSIP: 46436E718","Sell","0.996034","$100.39","$99.99"
"11/3/2025","11/3/2025","11/4/2025","SGOV","iShares 0-3 Month Treasury Bond
CUSIP: 46436E718","Sell","53","$100.39","$5,320.71"
"10/31/2025","10/31/2025","10/31/2025","QQQ","Cash Div: R/D 2025-09-22 P/D 2025-10-31 - 1.28771 shares at 0.69395","CDIV","","","$0.89"
"10/31/2025","10/31/2025","11/3/2025","SGOV","iShares 0-3 Month Treasury Bond
CUSIP: 46436E718","Buy","0.927686","$100.73","($93.44)"
"10/31/2025","10/31/2025","11/3/2025","SGOV","iShares 0-3 Month Treasury Bond
CUSIP: 46436E718","Buy","9","$100.73","($906.55)"
"10/31/2025","10/31/2025","11/3/2025","BITF","Bitfarms
CUSIP: 09173B107","Sell","250","$4.00","$999.99"
"10/30/2025","10/30/2025","10/31/2025","SGOV","iShares 0-3 Month Treasury Bond
CUSIP: 46436E718","Buy","0.710148","$100.70","($71.51)"
"10/30/2025","10/30/2025","10/31/2025","SGOV","iShares 0-3 Month Treasury Bond
CUSIP: 46436E718","Buy","37","$100.70","($3,725.77)"
"10/30/2025","10/30/2025","10/31/2025","BMY","BMY 12/19/2025 Call $50.00","STC","5","$0.65","$324.78"
"10/30/2025","10/30/2025","10/31/2025","UNH","UnitedHealth
CUSIP: 91324P102","Sell","10","$347.25","$3,472.50"
"10/29/2025","10/29/2025","10/30/2025","SGOV","iShares 0-3 Month Treasury Bond
CUSIP: 46436E718","Buy","0.3582","$100.69","($36.07)"
"10/29/2025","10/29/2025","10/30/2025","SGOV","iShares 0-3 Month Treasury Bond
CUSIP: 46436E718","Buy","6","$100.69","($604.12)"
"10/28/2025","10/28/2025","10/29/2025","GLD","SPDR Gold Trust
CUSIP: 78463V107","Sell","1","$364.95","$364.95"
"10/28/2025","10/28/2025","10/29/2025","BMY","BMY 12/19/2025 Call $50.00","BTO","5","$0.50","($250.21)"
"10/27/2025","10/27/2025","10/28/2025","","ACH Deposit","ACH","","","$500.00"
"10/15/2025","10/15/2025","10/16/2025","CPRX","Catalyst Pharmaceuticals
CUSIP: 14888U101","Sell","1","$20.36","$20.36"
"10/7/2025","10/7/2025","10/7/2025","","Event Contracts Inter-Entity Cash Transfer","FUTSWP","","","($22.50)"
"10/6/2025","10/6/2025","10/6/2025","KLAR","Stock Lending","SLIP","","","$0.01"
"10/6/2025","10/6/2025","10/6/2025","QQQ","Stock Lending","SLIP","","","$0.01"
"10/6/2025","10/6/2025","10/6/2025","CRWV","Stock Lending","SLIP","","","$0.01"
"10/6/2025","10/6/2025","10/6/2025","BITF","Stock Lending","SLIP","","","$0.01"
"9/24/2025","9/24/2025","9/24/2025","SPYG","Cash Div: R/D 2025-09-22 P/D 2025-09-24 - 7.45267 shares at 0.138946","CDIV","","","$1.04"
"9/24/2025","9/24/2025","9/25/2025","GLD","SPDR Gold Trust
CUSIP: 78463V107","Buy","1","$346.00","($346.00)"
"9/23/2025","9/23/2025","9/23/2025","UNH","Cash Div: R/D 2025-09-15 P/D 2025-09-23 - 10 shares at 2.21","CDIV","","","$22.10"
"9/22/2025","9/22/2025","9/23/2025","TLRY","TLRY 1/16/2026 Call $1.00","STC","5","$0.40","$199.78"
"9/22/2025","9/22/2025","9/23/2025","LDI","LDI 10/17/2025 Call $5.00","STC","5","$0.20","$99.78"
"9/22/2025","9/22/2025","9/23/2025","LDI","LDI 10/17/2025 Call $5.00","STC","1","$0.25","$24.95"
"9/22/2025","9/22/2025","9/23/2025","LDI","LDI 10/17/2025 Call $5.00","STC","1","$0.25","$24.95"
"9/17/2025","9/17/2025","9/18/2025","RDDT","Reddit
CUSIP: 75734B100","Buy","1","$250.50","($250.50)"
"9/17/2025","9/17/2025","9/18/2025","RDDT","Reddit
CUSIP: 75734B100","Buy","1","$250.50","($250.50)"
"9/15/2025","9/15/2025","9/16/2025","BITF","Bitfarms
CUSIP: 09173B107","Buy","250","$2.44","($609.88)"
"9/12/2025","9/12/2025","9/15/2025","LDI","LDI 10/17/2025 Call $5.00","BTO","7","$0.66","($462.30)"
"9/12/2025","9/12/2025","9/15/2025","","ACH Deposit","ACH","","","$1,500.00"
"9/10/2025","9/10/2025","9/11/2025","KLAR","Klarna Group
CUSIP: G5279N105
Primary Issue","Buy","8","$40.00","($320.00)"
"9/8/2025","9/8/2025","9/8/2025","CRWV","Stock Lending","SLIP","","","$0.01"
"8/18/2025","8/18/2025","8/19/2025","SPY","SPY 8/18/2025 Call $647.00","STC","2","$0.01","$1.91"
"8/18/2025","8/18/2025","8/19/2025","CRWV","CoreWeave
CUSIP: 21873S108","Buy","5","$101.70","($508.50)"
"8/15/2025","8/15/2025","8/18/2025","SPY","SPY 8/18/2025 Call $647.00","BTO","2","$0.50","($100.08)"
"8/13/2025","8/13/2025","8/14/2025","","ACH Deposit","ACH","","","$401.00"
"8/13/2025","8/13/2025","8/14/2025","SPYG","State Street SPDR Portfolio S&P 500 Growth ETF
CUSIP: 78464A409","Buy","0.45267","$100.64","($45.55)"
"8/13/2025","8/13/2025","8/14/2025","SPYG","State Street SPDR Portfolio S&P 500 Growth ETF
CUSIP: 78464A409","Buy","7","$100.64","($704.45)"
"8/13/2025","8/13/2025","8/14/2025","QQQ","Invesco QQQ
CUSIP: 46090E103","Buy","0.28771","$582.43","($167.57)"
"8/13/2025","8/13/2025","8/14/2025","QQQ","Invesco QQQ
CUSIP: 46090E103","Buy","1","$582.43","($582.43)"
"8/12/2025","8/12/2025","8/13/2025","TLRY","TLRY 1/16/2026 Call $1.00","BTO","5","$0.40","($200.21)"
"8/11/2025","8/11/2025","8/11/2025","","External debit card transfer - account ending in 7301","DCF","","","$2,300.00"
"8/5/2025","8/5/2025","8/6/2025","UNH","UnitedHealth
CUSIP: 91324P102","Buy","9","$250.00","($2,250.00)"
"8/5/2025","8/5/2025","8/6/2025","UNH","UnitedHealth
CUSIP: 91324P102","Buy","1","$250.00","($250.00)"
"8/4/2025","8/4/2025","8/4/2025","","External debit card transfer - account ending in 7301","DCF","","","$2,500.00"
"3/14/2025","3/14/2025","3/17/2025","","ACH Withdrawal","ACH","","","($1,005.84)"
"3/11/2025","3/11/2025","3/12/2025","LUV","LUV 3/14/2025 Call $28.00","STC","4","$2.50","$999.80"
"3/10/2025","3/10/2025","3/11/2025","LUV","LUV 3/14/2025 Call $28.00","BTO","4","$0.71","($284.16)"
"3/10/2025","3/10/2025","3/10/2025","","External debit card transfer - account ending in 7301","DCF","","","$289.66"
""
"","","","","","","","","","The data provided is for informational purposes only. Please consult a professional tax service or personal tax advisor if you need instructions on how to calculate cost basis or questions regarding your specific tax situation. Reminder: This data does not include Robinhood Crypto or Robinhood Spending activity."
