Symbol,Security,GICS Sector,GICS Sub-Industry,Headquarters Location,CIK
AAMI,Acadian Asset Management Inc.,Financials,Asset Management & Custody Banks,"Boston, Massachusetts",1748824
AAP,"Advance Auto Parts, Inc.",Consumer Discretionary,Automotive Retail,"Raleigh, North Carolina",1158449
AAT,American Assets Trust,Real Estate,Diversified REITs,"San Diego, California",1500217
ABCB,Ameris Bancorp,Financials,Regional Banks,"Atlanta, Georgia",351569
ABG,Asbury Automotive Group,Consumer Discretionary,Automotive Retail,"Duluth, Georgia",1144980
ABM,"ABM Industries, Inc.",Industrials,Environmental & Facilities Services,"New York City, New York",771497
ABR,Arbor Realty Trust,Financials,Mortgage REITs,"Uniondale, New York",1253986
ACA,"Arcosa, Inc.",Industrials,Construction & Engineering,"Dallas, Texas",1739445
ACAD,Acadia Pharmaceuticals,Health Care,Pharmaceuticals,"San Diego, California",1070494
ACHC,Acadia Healthcare,Health Care,Health Care Facilities,"Franklin, Tennessee",1520697
ACIW,ACI Worldwide,Information Technology,Application Software,"Miami, Florida",935036
ACLS,"Axcelis Technologies, Inc.",Information Technology,Semiconductor Materials & Equipment,"Beverly, Massachusetts",1113232
ACMR,"ACM Research, Inc.",Information Technology,Semiconductor Materials & Equipment,"Fremont, California",1680062
ACT,"Enact Holdings, Inc.",Financials,Commercial & Residential Mortgage Finance,"Raleigh, North Carolina",1823529
ADAM,"Adamas Trust, Inc.",Real Estate,Mortgage REITs,"New York City, New York",1273685
ADEA,"Adeia, Inc.",Information Technology,IT Consulting & Other Services,"San Jose, California",1803696
ADIG,ADI Global Distribution,Information Technology,Electronic Equipment & Instruments,"Melville, New York",2105139
ADMA,"ADMA Biologics, Inc.",Health Care,Biotechnology,"Ramsey, New Jersey",1368514
ADNT,Adient,Consumer Discretionary,Automotive Parts & Equipment,"Plymouth, Michigan",1670541
ADT,ADT Inc.,Consumer Discretionary,Specialized Consumer Services,"Boca Raton, Florida",1703056
ADUS,Addus HomeCare Corp.,Health Care,Health Care Services,"Frisco, Texas",1468328
AEO,American Eagle Outfitters,Consumer Discretionary,Apparel Retail,"Pittsburgh, Pennsylvania",919012
AESI,"Atlas Energy Solutions, Inc.",Energy,Oil & Gas Equipment & Services,"Austin, Texas",1984060
AGNT,"eXp World Holdings, Inc.",Real Estate,Real Estate Services,"Bellingham, Washington",1495932
AGO,Assured Guaranty Ltd.,Financials,Property & Casualty Insurance,"Hamilton, Bermuda",1273813
AGX,"Argan, Inc.",Industrials,Construction & Engineering,"Arlington County, Virginia",100591
AGYS,"Agilysys, Inc.",Information Technology,Application Software,"Alpharetta, Georgia",78749
AHCO,AdaptHealth Corp.,Health Care,Health Care Equipment,"Plymouth Meeting, Pennsylvania",1725255
AIN,Albany International Corp.,Industrials,Industrial Machinery & Supplies & Components,"Rochester, New Hampshire",819793
AIR,AAR Corp.,Industrials,Aerospace & Defense,"Wood Dale, Illinois",1750
AKR,Acadia Realty Trust,Real Estate,Retail REITs,"Rye, New York",899629
ALG,Alamo Group,Industrials,Construction Machinery & Heavy Transportation Equipment,"Seguin, Texas",897077
ALGT,Allegiant Travel Company,Industrials,Passenger Airlines,"Summerlin, Nevada",1362468
ALHC,"Alignment Healthcare, Inc.",Health Care,Health Care Services,"Orange, California",1832466
ALKS,Alkermes plc,Health Care,Pharmaceuticals,"Dublin, Ireland",1520262
ALRM,"Alarm.Com, Inc.",Financials,Application Software,"Tysons, Virginia",1459200
AMN,"Amn Healthcare Services, Inc.",Health Care,Health Care Services,"Dallas, Texas",1142750
AMPH,"Amphstar Pharmaceuticals, Inc.",Health Care,Pharmaceuticals,"Rancho Cucamonga, California",1297184
AMR,"Alpha Metallurgical Resources, Inc.",Materials,Steel,"Bristol, Tennessee",1704715
AMRX,Amneal Pharmaceuticals,Health Care,Pharmaceuticals,"Bridgewater Township, New Jersey",1723128
AMSF,"Amerisafe, Inc.",Financials,Property & Casualty Insurance,"DeRidder, Louisiana",1018979
AMTM,Amentum,Industrials,Diversified Support Services,"Chantilly, Virginia",2011286
ANDE,"The Andersons, Inc.",Consumer Staples,Food Distributors,"Maumee, Ohio",821026
ANIP,"ANI Pharmaceuticals, Inc.",Health Care,Pharmaceuticals,"Baudette, Minnesota",1023024
AORT,Artivion,Health Care,Health Care Equipment,"Kennesaw, Georgia",784199
AOSL,"Alpha and Omega Semiconductor, Ltd.",Information Technology,Semiconductors,"Sunnyvale, California",1387467
APAM,"Artisan Partners Asset Management, Inc.",Financials,Asset Management & Custody Banks,"Milwaukee, Wisconsin",1517302
APLE,"Apple Hospitality REIT, Inc.",Real Estate,Hotel & Resort REITs,"Richmond, Virginia",1418121
APOG,"Apogee Enterprises, Inc.",Industrials,Building Products,"Minneapolis, Minnesota",6845
ARCB,ArcBest Corp.,Industrials,Cargo Ground Transportation,"Fort Smith, Arkansas",894405
ARLO,Arlo Technologies,Information Technology,Communications Equipment,"San Jose, California",1736946
AROC,"Archrock, Inc.",Energy,Oil & Gas Equipment & Services,"Houston, Texas",1389050
ARR,Armour Residential REIT,Real Estate,Mortgage REITs,"Vero Beach, Florida",1428205
ASO,Academy Sports + Outdoors,Consumer Discretionary,Specialty Stores,"Harris County, Texas",1817358
ASTE,"Astec Industries, Inc.",Industrials,Construction Machinery & Heavy Transportation Equipment,"Chattanooga, Tennessee",792987
ASTH,"Astrana Health, Inc.",Health Care,Health Care Facilities,"Alhambra, California",1083446
ATEN,"A10 Networks, Inc.",Information Technology,Systems Software,"San Jose, California",1580808
ATMU,Atmus Filtration Technologies Inc.,Industrials,Industrial Machinery & Supplies & Components,"Nashville, Tennessee",1921963
AUB,"Atlantic Union Bankshares, Corp.",Financials,Regional Banks,"Richmond, Virginia",883948
AVA,Avista Corporation,Utilities,Multi-Utilities,"Spokane, Washington",104918
AWI,"Armstrong World Industries, Inc.",Industrials,Building Products,"Lancaster, Pennsylvania",7431
AWR,American States Water Company,Utilities,Water Utilities,"San Dimas, California",1056903
AX,"Axos Financial, Inc.",Financials,Regional Banks,"Las Vegas, Nevada",1299709
AZTA,"Azenta, Inc.",Health Care,Life Sciences Tools & Services,"Chelmsford, Massachusetts",933974
AZZ,"AZZ, Inc.",Industrials,Heavy Electrical Equipment,"Fort Worth, Texas",8947
BANC,"Banc Of California, Inc.",Financials,Regional Banks,"Santa Ana, California",1169770
BANF,Bancfirst Corp,Financials,Regional Banks,"Oklahoma City, Oklahoma",760498
BANR,Banner Corporation,Financials,Regional Banks,"Walla Walla, Washington",946673
BBT,Beacon Financial Corp.,Financials,Regional Banks,"Boston, Massachusetts",1108134
BCC,Boise Cascade,Industrials,Building Products,"Boise, Idaho",1328581
BCPC,Balchem Corporation,Materials,Specialty Chemicals,"Montvale, New Jersey",9326
BFAM,Bright Horizons Family Solutions Inc.,Consumer Discretionary,Specialized Consumer Services,"Newton, Massachusetts",1437578
BFH,"Bread Financial Holdings, Inc.",Financials,Consumer Finance,"Columbus, Ohio",1101215
BFS,"Saul Centers, Inc.",Real Estate,Retail REITs,"Bethesda, Maryland",907254
BGC,"BGC Group, Inc.",Financials,Investment Banking & Brokerage,"New York City, New York",1094831
BHE,"Benchmark Electronics, Inc.",Information Technology,Electronic Manufacturing Services,"Tempe, Arizona",863436
BJRI,"BJ's Restaurants, Inc.",Consumer Discretionary,Restaurants,"Huntington Beach, California",1013488
BKE,"The Buckle, Inc.",Consumer Discretionary,Apparel Retail,"Kearney, Nebraska",885245
BKU,"BankUnited, Inc.",Financials,Regional Banks,"Miami Lakes, Florida",1504008
BL,"BlackLine Systems, Inc.",Information Technology,Application Software,"Los Angeles, California",1666134
BLFS,"BioLife Solutions, Inc.",Health Care,Health Care Supplies,"Bothell, Washington",834365
BLKB,Blackbaud,Information Technology,Application Software,"Charleston, South Carolina",1280058
BMI,"Badger Meter, Inc.",Information Technology,Electronic Equipment & Instruments,"Milwaukee, Wisconsin",9092
BNL,"Broadstone Net Lease, Inc.",Real Estate,Industrial REITs,"Victor, New York",1424182
BOH,Bank of Hawaii,Financials,Regional Banks,"Honolulu, Hawaii",46195
BOOT,"Boot Barn Holdings, Inc.",Consumer Discretionary,Apparel Retail,"Irvine, California",1610250
BOX,"Box, Inc.",Information Technology,Application Software,"Redwood City, California",1372612
BRC,Brady Corporation,Industrials,Commercial Printing,"Milwaukee, Wisconsin",746598
BTU,"Peabody Energy, Inc.",Energy,Coal & Consumable Fuels,"St. Louis, Missouri",1064728
BXMT,"Blackstone Mortgage Trust, Inc.",Financials,Mortgage REITs,"New York City, New York",1061630
CACC,Credit Acceptance,Financials,Specialized Finance,"Southfield, Michigan",885550
CAG,Conagra Brands,Consumer Staples,Packaged Foods & Meats,"Chicago, Illinois",23217
CAKE,"The Cheesecake Factory, Inc.",Consumer Discretionary,Restaurants,"Calabasas, California",887596
CALM,"Cal-Maine Foods, Inc.",Consumer Staples,Packaged Foods & Meats,"Jackson, Mississippi",16160
CALX,Calix,Information Technology,Application Software,"San Jose, California",1406666
CALY,Callaway Golf Company,Consumer Discretionary,Leisure Products,"Carlsbad, California",837465
CARG,CarGurus,Communication Services,Interactive Media & Services,"Cambridge, Massachusetts",1494259
CASH,"Pathward Financial, Inc.",Financials,Regional Banks,"Sioux Falls, South Dakota",907471
CATY,Cathay General Bancorp,Financials,Regional Banks,"Los Angeles, California",861842
CBRL,Cracker Barrel,Consumer Discretionary,Restaurants,"Lebanon, Tennessee",1067294
CBU,"Community Bank System, Inc.",Financials,Regional Banks,"DeWitt, New York",723188
CC,Chemours,Materials,Diversified Chemicals,"Wilmington, Delaware",1627223
CCOI,"Cogent Communications Holdings, Inc.",Communication Services,Alternative Carriers,"Washington, D.C.",1158324
CCS,"Century Communities, Inc.",Consumer Discretionary,Homebuilding,"Greenwood Village, Colorado",1576940
CE,Celanese,Materials,Specialty Chemicals,"Irving, Texas",1306830
CENT,Central Garden & Pet Company,Consumer Staples,Household Products,"Walnut Creek, California",887733
CENTA,Central Garden & Pet Company (Class A),Consumer Staples,Household Products,"Walnut Creek, California",887733
CENX,Century Aluminum Company,Materials,Aluminum,"Chicago, Illinois",949157
CERT,"Certara, Inc.",Health Care,Health Care Technology,"Princeton, New Jersey",1827090
CFFN,Capitol Federal Savings Bank,Financials,Regional Banks,"Topeka, Kansas",1490906
CHCO,City Holding Company,Financials,Regional Banks,"Charleston, West Virginia",726854
CHEF,"Chefs' Warehouse, Inc.",Consumer Staples,Food Distributors,"Ridgefield, Connecticut",1517175
CLSK,"CleanSpark, Inc.",Information Technology,Internet Services & Infrastructure,"Henderson, Nevada",827876
CNK,"Cinemark Holdings, Inc.",Communication Services,Movies & Entertainment,"Plano, Texas",1385280
CNMD,CONMED Corporation,Health Care,Health Care Equipment,"Largo, Florida",816956
CNR,"Core Natural Resources, Inc.",Energy,Coal & Consumable Fuels,"Cecil Township, Pennsylvania",1710366
CNS,"Cohen & Steers, Inc.",Financials,Asset Management & Custody Banks,"New York City, New York",1284812
CNXC,Concentrix,Industrials,Data Processing & Outsourced Services,"Newark, California",1803599
CNXN,"PC Connection, Inc.",Information Technology,Technology Distributors,"Merrimack, New Hampshire",1050377
COCO,The Vita Coco Company,Consumer Staples,Soft Drinks & Non-alcoholic Beverages,"New York City, New York",1482981
COHU,"Cohu, Inc.",Information Technology,Semiconductor Materials & Equipment,"Poway, California",21535
COLL,"Collegium Pharmaceutical, Inc.",Health Care,Pharmaceuticals,"Stoughton, Massachusetts",1267565
CON,"Concentra Group Holdings Parent, Inc.",Health Care,Health Care Services,"Mechanicsburg, Pennsylvania",2014596
CORT,Corcept Therapeutics Incorporated,Health Care,Pharmaceuticals,"Menlo Park, California",1088856
COTY,Coty,Consumer Staples,Personal Care Products,"New York City, New York",1024305
CPB,The Campbell's Company,Consumer Staples,Packaged Foods & Meats,"Camden, New Jersey",16732
CPF,Central Pacific Financial Corp.,Financials,Regional Banks,"Honolulu, Hawaii",701347
CPK,Chesapeake Utilities Corp.,Utilities,Gas Utilities,"Dover, Delaware",19745
CRC,California Resources Corporation,Energy,Oil & Gas Exploration & Production,"Los Angeles, California",1609253
CRGY,Crescent Energy Company,Energy,Oil & Gas Exploration & Production,"Houston, Texas",1866175
CRI,"Carter's, Inc.",Consumer Discretionary,"Apparel, Accessories & Luxury Goods","Atlanta, Georgia",1060822
CRK,"Comstock Resources, Inc.",Energy,Oil & Gas Exploration & Production,"Frisco, Texas",23194
CRSR,Corsair Gaming,Information Technology,"Technology Hardware, Storage & Peripherals","Milpitas, California",1743759
CRVL,CorVel Corporation,Health Care,Health Care Services,"Irvine, California",874866
CSR,Centerspace Trust,Real Estate,Multi-Family Residential REITs,"Minot, North Dakota",798359
CSW,"CSW Industrials, Inc.",Industrials,Industrial Conglomerates,"Dallas, Texas",1624794
CTS,CTS Corporation,Information Technology,Electronic Manufacturing Services,"Lisle, Illinois",26058
CUBI,"Customers Bancorp, Inc.",Financials,Regional Banks,"Reading, Pennsylvania",1488813
CURB,Curbline Properties Corp.,Real Estate,Retail REITs,"New York City, New York",2027317
CVBF,CVB Financial Corp.,Financials,Regional Banks,"Ontario, California",354647
CVCO,"Cavco Industries, Inc.",Consumer Discretionary,Homebuilding,"Phoenix, Arizona",278166
CVI,"CVR Energy, Inc.",Energy,Oil & Gas Refining & Marketing,"Sugar Land, Texas",1376139
CVSA,Covista Inc.,Consumer Discretionary,Education Services,"Chicago, Illinois",730464
CWEN,"Clearway Energy, Inc. (Class C)",Utilities,Renewable Electricity,"Princeton, New Jersey",1567683
CWEN.A,"Clearway Energy, Inc. (Class A)",Utilities,Renewable Electricity,"Princeton, New Jersey",1567683
CWK,Cushman & Wakefield plc,Real Estate,Real Estate Services,"Chicago, Illinois",1628369
CWST,"Casella Waste Systems, Inc.",Industrials,Environmental & Facilities Services,"Rutland, Vermont",911177
CWT,California Water Service Group,Utilities,Water Utilities,"San Jose, California",1035201
CXM,"Sprinklr, Inc.",Information Technology,Application Software,"New York City, New York",1569345
CXW,CoreCivic,Industrials,Diversified Support Services,"Brentwood, Tennessee",1070985
CZR,Caesars Entertainment,Consumer Discretionary,Casinos & Gaming,"Reno, Nevada",1590895
DAN,Dana Incorporated,Consumer Discretionary,Automotive Parts & Equipment,"Maumee, Ohio",26780
DAVE,"Dave, Inc.",Financials,Consumer Finance,"Los Angeles, California",1841408
DBD,Diebold Nixdorf,Information Technology,Electronic Equipment & Instruments,"North Canton, Ohio",28823
DCH,Dauch Corporation,Consumer Discretionary,Automotive Parts & Equipment,"Detroit, Michigan",1062231
DCOM,"Dime Community Bancshares, Inc.",Financials,Regional Banks,"Hauppauge, New York",846617
DEA,"Easterly Government Properties, Inc.",Real Estate,Office REITs,"Washington, D.C.",1622194
DEI,Douglas Emmett,Real Estate,Office REITs,"Santa Monica, California",1364250
DFH,"Dream Finders Homes, Inc.",Consumer Discretionary,Homebuilding,"Jacksonville, Florida",1825088
DFIN,"Donnelley Financial Solutions, Inc.",Financials,Financial Exchanges & Data,"Chicago, Illinois",1669811
DGII,Digi International Inc.,Information Technology,Communications Equipment,"Hopkins, Minnesota",854775
DIOD,Diodes Incorporated,Information Technology,Semiconductors,"Plano, Texas",29002
DLX,Deluxe Corporation,Industrials,Commercial Printing,"Minneapolis, Minnesota",27996
DMC,Del Monte Corporation,Consumer Staples,Packaged Foods & Meats,"Coral Gables, Florida",1047340
DNOW,NOW Inc,Industrials,Trading Companies & Distributors,"Houston, Texas",1599617
DORM,"Dorman Products, Inc.",Consumer Discretionary,Automotive Parts & Equipment,"Colmar, Pennsylvania",868780
DRH,DiamondRock Hospitality Company,Real Estate,Hotel & Resort REITs,"Bethesda, Maryland",1298946
DV,DoubleVerify Holdings Inc.,Communication Services,Advertising,"New York City, New York",1819928
DXC,DXC Technology,Information Technology,IT Consulting & Other Services,"Ashburn, Virginia",1688568
DXPE,"DXP Enterprises, Inc.",Industrials,Trading Companies & Distributors,"Houston, Texas",1020710
EAT,"Brinker International, Inc.",Consumer Discretionary,Restaurants,"Dallas, Texas",703351
EBC,"Eastern Bankshares, Inc.",Financials,Regional Banks,"Boston, Massachusetts",1810546
ECG,"Everus Construction Group, Inc.",Industrials,Construction & Engineering,"Bismarck, North Dakota",2015845
ECPG,"Encore Capital Group, Inc.",Financials,Consumer Finance,"San Diego, California",1084961
EFC,"Ellington Financial, Inc.",Financials,Specialized Finance,"Greenwich, Connecticut",1411342
EFOR,Everforth Inc.,Information Technology,IT Consulting & Other Services,"Glen Allen, Virginia",890564
EGBN,Eagle Bancorp Inc,Financials,Regional Banks,"Bethesda, Maryland",1050441
EIG,"Employers Holdings, Inc.",Financials,Property & Casualty Insurance,"Henderson, Nevada",1379041
EMN,Eastman Chemical Company,Materials,Specialty Chemicals,"Kingsport, Tennessee",915389
ENOV,Enovis,Health Care,Health Care Equipment,"Wilmington, Delaware",1420800
ENPH,Enphase Energy,Information Technology,Semiconductor Materials & Equipment,"Fremont, California",1463101
ENR,Energizer,Consumer Staples,Household Products,"St. Louis, Missouri",1632790
ENVA,"Enova International, Inc.",Financials,Consumer Finance,"Chicago, Illinois",1529864
EPAC,Enerpac Tool Group,Industrials,Industrial Machinery & Supplies & Components,"Menomonee Falls, Wisconsin",6955
EPAM,EPAM Systems,Information Technology,IT Consulting & Other Services,"Newtown, Pennsylvania",1352010
EPC,Edgewell Personal Care,Consumer Staples,Household Products,"Shelton, Connecticut",1096752
EPRT,"Essential Properties Realty Trust, Inc.",Real Estate,Diversified REITs,"Princeton, New Jersey",1728951
ESE,ESCO Technologies Inc.,Industrials,Industrial Machinery & Supplies & Components,"St. Louis, Missouri",866706
ESI,Element Solutions,Materials,Specialty Chemicals,"Fort Lauderdale, Florida",1590714
ETSY,Etsy,Consumer Discretionary,Broadline Retail,"New York City, New York",1370637
EVTC,"EVERTEC, Inc.",Financials,Transaction & Payment Processing Services,"San Juan, Puerto Rico",1559865
EXTR,"Extreme Networks, Inc.",Information Technology,Communications Equipment,"Morrisville, North Carolina",1078271
EYE,National Vision Holdings,Consumer Discretionary,Specialty Stores,"Duluth, Georgia",1710155
EZPW,"EZCORP, Inc.",Financials,Consumer Finance,"Austin, Texas",876523
FA,First Advantage Corporation,Industrials,Human Resource & Employment Services,"Atlanta, Georgia",1210677
FBK,FB Financial Corp.,Financials,Regional Banks,"Nashville, Tennessee",1649749
FBNC,First Bancorp (Southern Pines NC),Financials,Regional Banks,"Southern Pines, North Carolina",811589
FBP,First BanCorp (Puerto Rico),Financials,Regional Banks,"San Juan, Puerto Rico",1057706
FBRT,"Franklin BSP Realty Trust, Inc.",Real Estate,Mortgage REITs,"New York City, New York",1562528
FCF,"First Commonwealth Financial, Corp.",Financials,Regional Banks,"Indiana, Pennsylvania",712537
FCPT,"Four Corners Property Trust, Inc.",Real Estate,Other Specialized REITs,"Mill Valley, California",1650132
FELE,Franklin Electric,Industrials,Industrial Machinery & Supplies & Components,"Fort Wayne, Indiana",38725
FFBC,First Financial Bancorp,Financials,Regional Banks,"Cincinnati, Ohio",708955
FG,"F&G Annuities & Life, Inc.",Financials,Life & Health Insurance,"Des Moines, Iowa",1934850
FHB,"First Hawaiian, Inc.",Financials,Regional Banks,"Honolulu, Hawaii",36377
FIBK,"First Interstate BancSystem, Inc.",Financials,Regional Banks,"Billings, Montana",860413
FIVN,"Five9, Inc.",Information Technology,Application Software,"San Ramon, California",1288847
FIZZ,National Beverage Corp.,Consumer Staples,Soft Drinks & Non-alcoholic Beverages,"Fort Lauderdale, Florida",69891
FLO,Flowers Foods,Consumer Staples,Packaged Foods & Meats,"Thomasville, Georgia",1128928
FMC,FMC Corporation,Materials,Fertilizers & Agricultural Chemicals,"Philadelphia, Pennsylvania",37785
FORM,"FormFactor, Inc.",Information Technology,Semiconductor Materials & Equipment,"Livermore, California",1039399
FOXF,Fox Factory,Consumer Discretionary,Automotive Parts & Equipment,"Duluth, Georgia",1424929
FRPT,Freshpet,Consumer Staples,Packaged Foods & Meats,"Bedminster, New Jersey",1611647
FSS,Federal Signal Corporation,Industrials,Construction Machinery & Heavy Transportation Equipment,"Oak Brook, Illinois",277509
FTDR,"Frontdoor, Inc.",Consumer Discretionary,Specialized Consumer Services,"Memphis, Tennessee",1727263
FTRE,Fortrea,Health Care,Biotechnology,"Durham, North Carolina",1965040
FUL,H.B. Fuller Company,Materials,Specialty Chemicals,"Vadnais Heights, Minnesota",39368
FULT,Fulton Financial Corporation,Financials,Regional Banks,"Lancaster, Pennsylvania",700564
FUN,Six Flags,Consumer Discretionary,Leisure Facilities,"Charlotte, North Carolina",1999001
GBX,"The Greenbrier Companies, Inc.",Industrials,Construction Machinery & Heavy Transportation Equipment,"Lake Oswego, Oregon",923120
GEO,"GEO Group, Inc.",Industrials,Environmental & Facilities Services,"Boca Raton, Florida",923796
GFF,Griffon Corporation,Industrials,Building Products,"New York City, New York",50725
GIII,"G-III Apparel Group, Ltd.",Consumer Discretionary,"Apparel, Accessories & Luxury Goods","New York City, New York",821002
GKOS,Glaukos Corp.,Health Care,Health Care Equipment,"San Clemente, California",1192448
GNL,"Global Net Lease, Inc.",Real Estate,Diversified REITs,"New York City, New York",1526113
GNW,"Genworth Financial, Inc.",Financials,Multi-line Insurance,"Henrico County, Virginia",1276520
GO,Grocery Outlet,Consumer Staples,Food Retail,"Emeryville, California",1771515
GOLF,Acushnet Company,Consumer Discretionary,Leisure Products,"Fairhaven, Massachusetts",1672013
GPI,"Group 1 Automotive, Inc.",Consumer Discretionary,Automotive Retail,"Houston, Texas",1031203
GPOR,Gulfport Energy Corporation,Energy,Oil & Gas Exploration & Production,"Oklahoma City, Oklahoma",874499
GRBK,"Green Brick Partners, Inc.",Consumer Discretionary,Homebuilding,"Plano, Texas",1373670
GSHD,"Goosehead Insurance, Inc.",Financials,Insurance Brokers,"Westlake, Texas",1726978
GT,Goodyear Tire and Rubber Company,Consumer Discretionary,Tires & Rubber,"Akron, Ohio",42582
GTES,Gates Corporation,Industrials,Industrial Machinery & Supplies & Components,"Denver, Colorado",1718512
GTM,ZoomInfo,Communication Services,Interactive Media & Services,"Vancouver, Washington",1794515
GTY,Getty Realty Corp.,Real Estate,Retail REITs,"New York City, New York",1052752
GVA,"Granite Construction, Inc.",Industrials,Construction & Engineering,"Watsonville, California",861459
HAFC,Hanmi Financial Corporation,Financials,Regional Banks,"Los Angeles, California",1109242
HASI,"Hannon Armstrong Sustainable Infrastructure Capital, Inc.",Financials,Specialized Finance,"Annapolis, Maryland",1561894
HAYW,"Hayward Holdings, Inc.",Industrials,Electrical Components & Equipment,"Charlotte, North Carolina",1834622
HCC,"Warrior Met Coal, Inc.",Materials,Steel,"Brookwood, Alabama",1691303
HCI,"HCI Group, Inc.",Financials,Property & Casualty Insurance,"Tampa, Florida",1400810
HCSG,"Healthcare Services Group, Inc.",Industrials,Environmental & Facilities Services,"Bensalem Township, Pennsylvania",731012
HE,"Hawaiian Electric Industries, Inc.",Utilities,Electric Utilities,"Honolulu, Hawaii",354707
HFWA,Heritage Financial Corporation,Financials,Regional Banks,"Olympia, Washington",1046025
HIW,Highwoods Properties,Real Estate,Office REITs,"Raleigh, North Carolina",921082
HLIT,Harmonic Inc.,Information Technology,Communications Equipment,"San Jose, California",851310
HLX,"Helix Energy Solutions Group, Inc.",Energy,Oil & Gas Equipment & Services,"Houston, Texas",866829
HMN,Horace Mann Educators Corporation,Financials,Multi-line Insurance,"Springfield, Illinois",850141
HNI,HNI Corporation,Industrials,Office Services & Supplies,"Muscatine, Iowa",48287
HOPE,"Hope Bancorp, Inc.",Financials,Regional Banks,"Los Angeles, California",1128361
HP,"Helmerich & Payne, Inc.",Energy,Oil & Gas Drilling,"Tulsa, Oklahoma",46765
HRMY,"Harmony Biosciences Holdings, Inc.",Health Care,Biotechnology,"Plymouth Meeting, Pennsylvania",1802665
HSTM,"HealthStream, Inc.",Health Care,Health Care Technology,"Nashville, Tennessee",1095565
HTH,Hilltop Holdings Inc.,Financials,Regional Banks,"Dallas, Texas",1265131
HTLD,"Heartland Express, Inc.",Industrials,Cargo Ground Transportation,"North Liberty, Iowa",799233
HTO,H2O America,Utilities,Water Utilities,"San Jose, California",766829
HUBG,"Hub Group, Inc.",Industrials,Air Freight & Logistics,"Oak Brook, Illinois",940942
HWKN,"Hawkins, Inc.",Materials,Commodity Chemicals,"Roseville, Minnesota",46250
HZO,"MarineMax, Inc.",Consumer Discretionary,Specialty Stores,"Clearwater, Florida",1057060
IART,Integra Lifesciences Holdings,Health Care,Health Care Equipment,"Princeton, New Jersey",917520
IBP,"Installed Building Products, Inc.",Consumer Discretionary,Homebuilding,"Columbus, Ohio",1580905
ICHR,"Ichor Holdings, Ltd.",Information Technology,Semiconductor Materials & Equipment,"Fremont, California",1652535
ICUI,ICU Medical,Health Care,Health Care Supplies,"San Clemente, California",883984
IIPR,"Innovative Industrial Properties, Inc.",Real Estate,Industrial REITs,"Park City, Utah",1677576
INDB,Independent Bank Corp.,Financials,Regional Banks,"Rockland, Massachusetts",776901
INDV,Indivior,Health Care,Pharmaceuticals,"Chesterfield County, Virginia",1625297
INSP,"Inspire Medical Systems, Inc.",Health Care,Health Care Equipment,"Golden Valley, Minnesota",1609550
INSW,"International Seaways, Inc.",Energy,Oil & Gas Storage & Transportation,"New York City, New York",1679049
INVA,"Innoviva, Inc.",Health Care,Pharmaceuticals,"Burlingame, California",1080014
INVX,"Innovex International, Inc.",Energy,Oil & Gas Equipment & Services,"Houston, Texas",1042893
IOSP,"Innospec, Inc.",Materials,Specialty Chemicals,"Englewood, Colorado",1054905
IPAR,"Inter Parfums, Inc.",Consumer Staples,Household Products,"New York City, New York",822663
IRDM,Iridium Communications,Communication Services,Alternative Carriers,"McLean, Virginia",1418819
ITGR,Integer Holdings Corporation,Health Care,Health Care Equipment,"Plano, Texas",1114483
ITRI,"Itron, Inc.",Information Technology,Electronic Equipment & Instruments,"Liberty Lake, Washington",780571
IVT,InvenTrust Properties,Real Estate,Retail REITs,"Downers Grove, Illinois",1307748
JBGS,JBG Smith,Real Estate,Office REITs,"Bethesda, Maryland",1689796
JBLU,JetBlue,Industrials,Passenger Airlines,"Long Island City, New York",1158463
JBSS,"John B. Sanfilippo & Son, Inc.",Consumer Staples,Packaged Foods & Meats,"Elgin, Illinois",880117
JBTM,JBT Marel Corporation,Industrials,Industrial Machinery & Supplies & Components,"Chicago, Illinois",1433660
JJSF,J&J Snack Foods Corp.,Consumer Staples,Packaged Foods & Meats,"Pennsauken Township, New Jersey",785956
JOE,St. Joe Company,Real Estate,Real Estate Development,"Panama City Beach, Florida",745308
JXN,"Jackson Financial, Inc.",Financials,Life & Health Insurance,"Lansing, Michigan",1822993
KAI,Kadant Inc.,Industrials,Industrial Machinery & Supplies & Components,"Westford, Massachusetts",886346
KALU,Kaiser Aluminum Corporation,Materials,Aluminum,"Franklin, Tennessee",811596
KFY,Korn/Ferry International,Industrials,Human Resource & Employment Services,"Los Angeles, California",56679
KGS,"Kodiak Gas Services, Inc.",Energy,Oil & Gas Equipment & Services,"The Woodlands, Texas",1767042
KLIC,"Kulicke and Soffa Industries, Inc.",Information Technology,Semiconductor Materials & Equipment,"Serangoon, North-East Region, Singapore",56978
KMPR,Kemper Corporation,Financials,Multi-line Insurance,"Chicago, Illinois",860748
KMT,Kennametal,Industrials,Industrial Machinery & Supplies & Components,"Pittsburgh, Pennsylvania",55242
KMX,"CarMax, Inc.",Consumer Discretionary,Automotive Retail,"Richmond, Virginia",1170010
KN,Knowles Corporation,Information Technology,Electronic Components,"Itasca, Illinois",1587523
KNTK,"Kinetik Holdings, Inc.",Energy,Oil & Gas Storage & Transportation,"Midland, Texas",1692787
KOP,"Koppers Holdings, Inc.",Materials,Commodity Chemicals,"Pittsburgh, Pennsylvania",1315257
KRMN,Karman Holdings,Industrials,Aerospace & Defense,"Huntington Beach, California",2040127
KSS,Kohl's Corp.,Consumer Discretionary,Broadline Retail,"Menomonee Falls, Wisconsin",885639
KTB,Kontoor Brands,Consumer Discretionary,"Apparel, Accessories & Luxury Goods","Greensboro, North Carolina",1760965
KWR,Quaker Chemical Corporation,Materials,Specialty Chemicals,"Conshohocken, Pennsylvania",81362
LAUR,"Laureate Education, Inc.",Consumer Discretionary,Education Services,"Miami, Florida",912766
LAZ,Lazard,Financials,Diversified Capital Markets,"New York City, New York",1311370
LBRT,"Liberty Energy, Inc.",Energy,Oil & Gas Equipment & Services,"Denver, Colorado",1694028
LCII,LCI Industries,Consumer Discretionary,Automotive Parts & Equipment,"Elkhart, Indiana",763744
LEG,Leggett & Platt,Consumer Discretionary,Home Furnishings,"Carthage, Missouri",58492
LEU,Centrus Energy Corp.,Energy,Coal & Consumable Fuels,"Bethesda, Maryland",1065059
LFST,Lifestance Health,Health Care,Health Care Services,"Scottsdale, Arizona",1845257
LGIH,LGI Homes,Consumer Discretionary,Homebuilding,"The Woodlands, Texas",1580670
LIF,Life360,Information Technology,Application Software,"San Mateo, California",1581760
LGND,"Ligand Pharmaceuticals, Inc.",Health Care,Biotechnology,"San Diego, California",886163
LKFN,Lakeland Financial,Financials,Regional Banks,"Warsaw, Indiana",721994
LKQ,LKQ Corporation,Consumer Discretionary,Distributors,"Nashville, Tennessee",1065696
LMAT,LeMaitre Vascular,Health Care,Health Care Equipment,"Burlington, Massachusetts",1158895
LNC,Lincoln Financial,Financials,Multi-line Insurance,"Radnor, Pennsylvania",59558
LNN,Lindsay Corporation,Materials,Agricultural & Farm Machinery,"Omaha, Nebraska",836157
LPG,Dorian LPG Ltd.,Energy,Oil & Gas Storage & Transportation,"Stamford, Connecticut",1596993
LQDA,Liquidia Corporation,Health Care,Pharmaceuticals,"Morrisville, North Carolina",1819576
LQDT,"Liquidity Services, Inc.",Industrials,Diversified Support Services,"Bethesda, Maryland",1235468
LRN,"Stride, Inc.",Consumer Discretionary,Education Services,"Herndon, Virginia",1157408
LTC,"LTC Properties, Inc.",Real Estate,Health Care REITs,"Westlake Village, California",887905
LTH,"Life Time Group Holdings, Inc.",Consumer Discretionary,Leisure Facilities,"Chanhassen, Minnesota",1869198
LUMN,Lumen Technologies,Communication Services,Alternative Carriers,"Monroe, Louisiana",18926
LW,Lamb Weston,Consumer Staples,Packaged Foods & Meats,"Eagle, Idaho",1679273
LXP,Lexington Realty Trust,Real Estate,Diversified REITs,"New York City, New York",910108
LYFT,"Lyft, Inc.",Industrials,Passenger Ground Transportation,"San Francisco, California",1759509
LZ,"LegalZoom.com, Inc.",Industrials,Research & Consulting Services,"Mountain View, California",1286139
LZB,"La-Z-Boy, Inc.",Consumer Discretionary,Home Furnishings,"Monroe, Michigan",57131
MAC,Macerich,Real Estate,Retail REITs,"Santa Monica, California",912242
MAN,ManpowerGroup,Industrials,Human Resource & Employment Services,"Milwaukee, Wisconsin",871763
MARA,"MARA Holdings, Inc.",Information Technology,Internet Services & Infrastructure,"Fort Lauderdale, Florida",1507605
MATW,Matthews International Corporation,Consumer Discretionary,Specialized Consumer Services,"Pittsburgh, Pennsylvania",63296
MATX,"Matson, Inc.",Industrials,Marine Transportation,"Honolulu, Hawaii",3453
MBC,"MasterBrand, Inc.",Industrials,Building Products,"Jasper, Indiana",1941365
MBGL,"Mobility Global, Inc.",Industrials,Data Processing & Outsourced Services,"New York City, New York",2090312
MBIN,Merchants Bancorp,Financials,Regional Banks,"Carmel, Indiana",1629019
MC,Moelis & Company,Financials,Investment Banking & Brokerage,"New York City, New York",1596967
MCRI,"Monarch Casino & Resort, Inc.",Consumer Discretionary,Casinos & Gaming,"Reno, Nevada",907242
MCY,Mercury General,Financials,Property & Casualty Insurance,"Los Angeles, California",64996
MD,Pediatrix Medical Group,Health Care,Health Care Services,"Sunrise, Florida",893949
MDU,"MDU Resources Group, Inc.",Utilities,Multi-Utilities,"Bismarck, North Dakota",67716
MFP,"Midera Food Processing, Inc.",Industrials,Industrial Machinery & Supplies & Components,"Elgin, Illinois",2088281
MGEE,"MGE Energy, Inc.",Utilities,Electric Utilities,"Madison, Wisconsin",1161728
MGY,"Magnolia Oil & Gas, Corp.",Energy,Oil & Gas Exploration & Production,"Houston, Texas",1698990
MHK,Mohawk Industries,Consumer Discretionary,Home Furnishings,"Calhoun, Georgia",851968
MHO,"M/I Homes, Inc.",Consumer Discretionary,Homebuilding,"Columbus, Ohio",799292
MIR,"Mirion Technologies, Inc.",Information Technology,Electronic Equipment & Instruments,"Atlanta, Georgia",1809987
MKTX,MarketAxess,Financials,Financial Exchanges & Data,"New York City, New York",1278021
MLKN,"MillerKnoll, Inc.",Industrials,Office Services & Supplies,"Zeeland, Michigan",66382
MMI,"Marcus & Millichap, Inc.",Real Estate,Real Estate Services,"Calabasas, California",1578732
MMSI,"Merit Medical Systems, Inc.",Health Care,Health Care Supplies,"South Jordan, Utah",856982
MPT,Medical Properties Trust,Real Estate,Health Care REITs,"Birmingham, Alabama",1287865
MRCY,Mercury Systems,Industrials,Electrical Components & Equipment,"Andover, Massachusetts",1049521
MRP,"Millrose Properties, Inc.",Real Estate,Single-Family Residential REITs,"Chevy Chase, Maryland",2017206
MRTN,"Marten Transport, Ltd.",Industrials,Cargo Ground Transportation,"Mondovi, Wisconsin",799167
MSEX,Middlesex Water Company,Utilities,Water Utilities,"Iselin, New Jersey",66004
MSGS,Madison Square Garden Sports Corp.,Communication Services,Movies & Entertainment,"New York City, New York",1636519
MTCH,Match Group,Communication Services,Interactive Media & Services,"Dallas, Texas",891103
MTH,Meritage Homes Corporation,Consumer Discretionary,Homebuilding,"Scottsdale, Arizona",833079
MTRN,Materion Corp.,Materials,Diversified Metals & Mining,"Mayfield Heights, Ohio",1104657
MTUS,Metallus Inc,Materials,Steel,"Canton, Ohio",1598428
MTX,Minerals Technologies,Materials,Specialty Chemicals,"New York City, New York",891014
MWA,Mueller Water Products,Industrials,Industrial Machinery & Supplies & Components,"Atlanta, Georgia",1350593
MXL,"MaxLinear, Inc.",Information Technology,Semiconductors,"Carlsbad, California",1288469
MYRG,"MYR Group, Inc.",Industrials,Construction & Engineering,"Thornton, Colorado",700923
NABL,"N-able, Inc.",Information Technology,Systems Software,"Wilmington, Delaware",1834488
NATL,NCR Atleos,Financials,Transaction & Payment Processing Services,"Atlanta, Georgia",1974138
NAVI,Navient,Financials,Consumer Finance,"Wilmington, Delaware",1593538
NBHC,National Bank Holdings Corporation,Financials,Regional Banks,"Greenwood Village, Colorado",1475841
NBTB,"NBT Bancorp, Inc.",Financials,Regional Banks,"Norwich, New York",790359
NE,Noble Corporation,Energy,Oil & Gas Drilling,"Houston, Texas",1895262
NEO,"NeoGenomics Laboratories, Inc.",Health Care,Health Care Services,"Fort Myers, Florida",1077183
NEOG,Neogen,Health Care,Health Care Supplies,"Lansing, Michigan",711377
NGVT,"Ingevity, Corp.",Materials,Specialty Chemicals,"North Charleston, South Carolina",1653477
NHC,"National Healthcare, Corp.",Health Care,Health Care Facilities,"Murfreesboro, Tennessee",1047335
NHI,"National Health Investors, Inc.",Real Estate,Health Care REITs,"Murfreesboro, Tennessee",877860
NIC,Nicolet Bankshares,Financials,Regional Banks,"Murfreesboro, Tennessee",1174850
NMIH,"NMI Holdings, Inc.",Financials,Commercial & Residential Mortgage Finance,"Emeryville, California",1547903
NOG,"Northern Oil and Gas, Inc.",Energy,Oil & Gas Exploration & Production,"Minnetonka, Minnesota",1104485
NPK,"National Presto Industries, Inc.",Industrials,Aerospace & Defense,"Eau Claire, Wisconsin",80172
NPO,"EnPro Industries, Inc.",Industrials,Industrial Machinery & Supplies & Components,"Charlotte, North Carolina",1164863
NSIT,"Insight Enterprises, Inc.",Industrials,Technology Distributors,"Tempe, Arizona",932696
NSP,Insperity,Industrials,Human Resource & Employment Services,"Houston, Texas",1000753
NSSC,Napco Security Technologies,Information Technology,Electronic Equipment & Instruments,"Amityville, New York",69633
NTCT,"NETSCOUT Systems, Inc.",Information Technology,Communications Equipment,"Westford, Massachusetts",1078075
NTST,NETSTREIT Corp.,Real Estate,Retail REITs,"Dallas, Texas",1798100
NWBI,"Northwest Bancshares, Inc.",Financials,Regional Banks,"Warren, Pennsylvania",1471265
NWL,Newell Brands,Consumer Discretionary,Housewares & Specialties,"Atlanta, Georgia",814453
NWN,NW Natural,Utilities,Gas Utilities,"Portland, Oregon",1733998
NX,Quanex Building Products Corporation,Industrials,Building Products,"Houston, Texas",1423221
NXRT,"NexPoint Residential Trust, Inc.",Real Estate,Multi-Family Residential REITs,"Dallas, Texas",1620393
OFG,OFG Bancorp,Financials,Regional Banks,"San Juan, Puerto Rico",1030469
OGN,Organon & Co.,Health Care,Pharmaceuticals,"Jersey City, New Jersey",1821825
OI,"O-I Glass, Inc.",Materials,"Metal, Glass & Plastic Containers","Perrysburg, Ohio",812074
OII,"Oceaneering International, Inc.",Energy,Oil & Gas Equipment & Services,"Houston, Texas",73756
OMCL,Omnicell,Health Care,Health Care Technology,"Fort Worth, Texas",926326
OPLN,"OPENLANE, Inc.",Industrials,Diversified Support Services,"Carmel, Indiana",1395942
OSIS,"OSI Systems, Inc.",Information Technology,Electronic Equipment & Instruments,"Hawthorne, California",1039065
OSW,OneSpaWorld Holdings Limited,Consumer Discretionary,Leisure Facilities,"Nassau, Bahamas",1758488
OTTR,Otter Tail Corporation,Utilities,Electric Utilities,"Fergus Falls, Minnesota",1466593
OUT,Outfront Media,Real Estate,Other Specialized REITs,"New York City, New York",1579877
PAHC,Phibro Animal Health,Health Care,Pharmaceuticals,"Teaneck, New Jersey",1069899
PARR,"Par Pacific Holdings, Inc.",Energy,Oil & Gas Refining & Marketing,"Houston, Texas",821483
PAYC,Paycom,Industrials,Human Resource & Employment Services,"Oklahoma City, Oklahoma",1590955
PAYO,Payoneer Global Inc.,Financials,Transaction & Payment Processing Services,"New York City, New York",1845815
PATK,"Patrick Industries, Inc.",Consumer Discretionary,Automotive Parts & Equipment,"Elkhart, Indiana",76605
PBH,Prestige Consumer Healthcare,Health Care,Pharmaceuticals,"Tarrytown, New York",1295947
PBI,"Pitney Bowes, Inc.",Industrials,Office Services & Supplies,"Stamford, Connecticut",78814
PCRX,"Pacira BioSciences, Inc.",Health Care,Pharmaceuticals,"Tampa, Florida",1396814
PDFS,"PDF Solutions, Inc.",Information Technology,Semiconductor Materials & Equipment,"Santa Clara, California",1120914
PEB,Pebblebrook Hotel Trust,Real Estate,Hotel & Resort REITs,"Bethesda, Maryland",1474098
PECO,Phillips Edison & Company,Real Estate,Retail REITs,"Cincinnati, Ohio",1476204
PENG,"Penguin Solutions, Inc.",Information Technology,Semiconductors,"Milpitas, California",1616533
PENN,Penn Entertainment,Consumer Discretionary,Casinos & Gaming,"Wyomissing, Pennsylvania",921738
PFBC,Preferred Bank,Financials,Regional Banks,"Los Angeles, California",1492165
PFS,"Provident Financial Services, Inc.",Financials,Regional Banks,"Jersey City, New Jersey",1178970
PGNY,"Progyny, Inc.",Health Care,Health Care Services,"New York City, New York",1551306
PHIN,"PHINIA, Inc.",Consumer Discretionary,Automotive Retail,"Auburn Hills, Michigan",1968915
PI,"Impinj, Inc.",Information Technology,Electronic Equipment & Instruments,"Seattle, Washington",1114995
PIPR,Piper Sandler Companies,Financials,Investment Banking & Brokerage,"Minneapolis, Minnesota",1230245
PJT,"PJT Partners, Inc.",Financials,Investment Banking & Brokerage,"New York City, New York",1626115
PLAB,"Photronics, Inc.",Information Technology,Semiconductor Materials & Equipment,"Brookfield, Connecticut",810136
PLMR,"Palomar Holdings, Inc.",Financials,Property & Casualty Insurance,"La Jolla, California",1761312
PLUS,"ePlus, Inc.",Information Technology,Technology Distributors,"Herndon, Virginia",1022408
PLXS,Plexus Corp.,Information Technology,Electronic Manufacturing Services,"Neenah, Wisconsin",785786
PMT,PennyMac Mortgage Investment Trust,Real Estate,Mortgage REITs,"Westlake Village, California",1464423
POOL,Pool Corporation,Consumer Discretionary,Distributors,"Covington, Louisiana",945841
POWI,Power Integrations,Information Technology,Semiconductors,"San Jose, California",833640
POWL,"Powell Industries, Inc.",Industrials,Electrical Components & Equipment,"Houston, Texas",80420
PPLI,People Inc.,Communication Services,Interactive Media & Services,"New York City, New York",1800227
PRDO,Perdoceo Education Corp.,Consumer Discretionary,Education Services,"Schaumburg, Illinois",1046568
PRG,"PROG Holdings, Inc.",Financials,Consumer Finance,"Draper, Utah",1808834
PRGO,Perrigo,Health Care,Pharmaceuticals,"Grand Rapids, Michigan",1585364
PRGS,Progress Software Corporation,Information Technology,Systems Software,"Burlington, Massachusetts",876167
PRIM,Primoris Services Corporation,Industrials,Construction & Engineering,"Dallas, Texas",1361538
PRK,Park National Corp.,Financials,Regional Banks,"Newark, Ohio",805676
PRKS,United Parks & Resorts,Consumer Discretionary,Leisure Facilities,"Orlando, Florida",1564902
PRLB,Protolabs,Industrials,Industrial Machinery & Supplies & Components,"Maple Plain, Minnesota",1443669
PRSU,"Pursuit Attractions & Hospitality, Inc.",Consumer Discretionary,"Hotels, Resorts & Cruise Lines","Scottsdale, Arizona",884219
PRVA,"Privia Health Group, Inc.",Health Care,Health Care Services,"Arlington County, Virginia",1759655
PSMT,PriceSmart,Consumer Staples,Consumer Staples Merchandise Retail,"San Diego, California",1041803
PTCT,"PTC Therapeutics, Inc.",Health Care,Pharmaceuticals,"Warren Township, New Jersey",1070081
PTEN,"Patterson-UTI Energy, Inc.",Energy,Oil & Gas Drilling,"Houston, Texas",889900
PTGX,"Protagonist Therapeutics, Inc.",Health Care,Biotechnology,"Newark, California",1377121
PTON,"Peloton Interactive, Inc.",Consumer Discretionary,Leisure Products,"New York City, New York",1639825
PZZA,Papa John's Pizza,Consumer Discretionary,Restaurants,"Jeffersontown, Kentucky",901491
QDEL,QuidelOrtho,Health Care,Health Care Supplies,"San Diego, California",1906324
QNST,"QuinStreet, Inc.",Communication Services,Interactive Media & Services,"Foster City, California",1117297
QRVO,Qorvo,Information Technology,Semiconductors,"Greensboro, North Carolina",1604778
QTWO,"Q2 Holdings, Inc.",Information Technology,Application Software,"Austin, Texas",1410384
RAMP,"LiveRamp Holdings, Inc.",Information Technology,Application Software,"San Francisco, California",733269
RAL,Ralliant Corp,Information Technology,Electronic Equipment & Instruments,"New York City, New York",2041385
RCUS,"Arcus Biosciences, Inc.",Health Care,Biotechnology,"Hayward, California",1724521
RDN,"Radian Group, Inc.",Financials,Property & Casualty Insurance,"Philadelphia, Pennsylvania",890926
RDNT,"RadNet, Inc.",Health Care,Health Care Services,"Los Angeles, California",790526
RELY,Remitly,Financials,Transaction & Payment Processing Services,"Seattle, Washington",1782170
RES,"RPC, Inc.",Energy,Oil & Gas Equipment & Services,"Atlanta, Georgia",742278
REYN,Reynolds Consumer Products,Consumer Staples,Household Products,"Lake Forest, Illinois",1786431
REX,REX American Resources Corporation,Energy,Oil & Gas Refining & Marketing,"Dayton, Ohio",744187
REZI,"Resideo Technologies, Inc.",Industrials,Trading Companies & Distributors,"Scottsdale, Arizona",1740332
RHI,Robert Half,Industrials,Human Resource & Employment Services,"Menlo Park, California",315213
RHP,Ryman Hospitality Properties,Real Estate,Hotel & Resort REITs,"Nashville, Tennessee",1040829
RITM,Rithm Capital,Financials,Mortgage REITs,"New York City, New York",1556593
RNG,"RingCentral, Inc.",Information Technology,Application Software,"Belmont, California",1384905
RNST,Renasant Corp.,Financials,Regional Banks,"Tupelo, Mississippi",715072
ROAD,"Construction Partners, Inc.",Industrials,Construction & Engineering,"Dothan, Alabama",1718227
ROCK,"Gibraltar Industries, Inc.",Industrials,Building Products,"Buffalo, New York",912562
ROG,Rogers Corporation,Information Technology,Electronic Components,"Chandler, Arizona",84748
RRR,"Red Rock Resorts, Inc.",Consumer Discretionary,Casinos & Gaming,"Las Vegas, Nevada",1653653
RSI,"Rush Street Interactive, Inc.",Consumer Discretionary,Casinos & Gaming,"Chicago, Illinois",1793659
RUN,Sunrun,Industrials,Building Products,"San Francisco, California",1469367
RUSHA,Rush Enterprises,Industrials,Construction Machinery & Heavy Transportation Equipment,"New Braunfels, Texas",1012019
RXO,"RXO, Inc.",Industrials,Cargo Ground Transportation,"Charlotte, North Carolina",1929561
SAFE,"Safehold, Inc.",Real Estate,Other Specialized REITs,"New York City, New York",1095651
SABR,Sabre,Consumer Discretionary,"Hotels, Resorts & Cruise Lines","Southlake, Texas",1597033
SAFT,"Safety Insurance Group, Inc.",Financials,Property & Casualty Insurance,"Boston, Massachusetts",1172052
SAH,"Sonic Automotive, Inc.",Consumer Discretionary,Automotive Retail,"Charlotte, North Carolina",1043509
SBCF,Seacoast Banking Corporation of Florida,Financials,Regional Banks,"Stuart, Florida",730708
SBH,"Sally Beauty Holdings, Inc.",Consumer Discretionary,Specialty Stores,"Denton, Texas",1368458
SBSI,"Southside Bancshares, Inc.",Financials,Regional Banks,"Tyler, Texas",705432
SCHL,Scholastic Corporation,Consumer Discretionary,Publishing,"New York City, New York",866729
SCL,Stepan Company,Materials,Specialty Chemicals,"Northfield, Illinois",94049
SCSC,"ScanSource, Inc.",Information Technology,Technology Distributors,"Greenville, South Carolina",918965
SDGR,"Schrödinger, Inc.",Health Care,Health Care Services,"New York City, New York",1490978
SEDG,SolarEdge,Information Technology,Semiconductor Materials & Equipment,"Herzliya, Israel",1419612
SEI,"Solaris Energy Infrastructure, Inc.",Energy,Oil & Gas Equipment & Services,"Houston, Texas",1697500
SEZL,Sezzle,Financials,Transaction & Payment Processing Services,"Minneapolis, Minnesota",1662991
SFBS,"ServisFirst Bancshares, Inc.",Financials,Regional Banks,"Birmingham, Alabama",1430723
SFNC,Simmons First National Corporation,Financials,Regional Banks,"Little Rock, Arkansas",90498
SHAK,"Shake Shack, Inc.",Consumer Discretionary,Restaurants,"New York City, New York",1620533
SHEN,Shenandoah Telecommunications Co,Communication Services,Wireless Telecommunication Services,"Edinburg, Virginia",354963
SHO,"Sunstone Hotel Investors, Inc.",Real Estate,Hotel & Resort REITs,"Aliso Viejo, California",1295810
SHOO,"Steven Madden, Ltd.",Consumer Discretionary,Footwear,"Long Island City, New York",913241
SIG,Signet Jewelers,Consumer Discretionary,Specialty Stores,"Akron, Ohio",832988
SKT,"Tanger Factory Outlet Centers, Inc.",Real Estate,Retail REITs,"Greensboro, North Carolina",899715
SKY,"Champion Homes, Inc.",Consumer Discretionary,Homebuilding,"Troy, Michigan",90896
SKYW,"SkyWest, Inc.",Industrials,Passenger Airlines,"St. George, Utah",793733
SLG,SL Green Realty,Real Estate,Office REITs,"New York City, New York",1040971
SLVM,Sylvamo Corp.,Materials,Paper Products,"Memphis, Tennessee",1856485
SM,SM Energy Company,Energy,Oil & Gas Exploration & Production,"Denver, Colorado",893538
SMP,"Standard Motor Products, Inc.",Consumer Discretionary,Automotive Parts & Equipment,"Long Island City, New York",93389
SMPL,Simply Good Foods Company,Consumer Staples,Packaged Foods & Meats,"Denver, Colorado",1702744
SNDR,Schneider National,Industrials,Cargo Ground Transportation,"Green Bay, Wisconsin",1692063
SNEX,StoneX Group Inc.,Financials,Investment Banking & Brokerage,"New York City, New York",913760
SONO,"Sonos, Inc.",Consumer Discretionary,Consumer Electronics,"Santa Barbara, California",1314727
SPHR,Sphere Entertainment,Communication Services,Movies & Entertainment,"New York City, New York",1795250
SPNT,SiriusPoint Ltd.,Financials,Reinsurance,"New York City, New York",1576018
SPSC,"SPS Commerce, Inc.",Information Technology,Application Software,"Minneapolis, Minnesota",1092699
SRPT,Sarepta Therapeutics,Health Care,Biotechnology,"Cambridge, Massachusetts",873303
STAA,STAAR Surgical Company,Health Care,Health Care Equipment,"Monrovia, California",718937
STBA,"S&T Bancorp, Inc.",Financials,Regional Banks,"Indiana, Pennsylvania",719220
STC,Stewart Information Services Corporation,Financials,Property & Casualty Insurance,"Houston, Texas",94344
STEP,StepStone Group,Financials,Asset Management & Custody Banks,"New York City, New York",1796022
STRA,"Strategic Education, Inc.",Consumer Discretionary,Education Services,"Herndon, Virginia",1013934
SUPN,"Supernus Pharmaceuticals, Inc.",Health Care,Pharmaceuticals,"Rockville, Maryland",1356576
SXI,Standex International Corporation,Industrials,Industrial Machinery & Supplies & Components,"Salem, New Hampshire",310354
SXT,Sensient Technologies,Materials,Specialty Chemicals,"Milwaukee, Wisconsin",310142
TALO,"Talos Energy, Inc.",Energy,Oil & Gas Exploration & Production,"Houston, Texas",1724965
TBBK,"The Bancorp, Inc.",Financials,Regional Banks,"Wilmington, Delaware",1295401
TDC,Teradata,Information Technology,IT Consulting & Other Services,"San Diego, California",816761
TDS,"Telephone and Data Systems, Inc.",Communication Services,Integrated Telecommunication Services,"Chicago, Illinois",1051512
TDW,"Tidewater, Inc.",Energy,Oil & Gas Equipment & Services,"Houston, Texas",98222
TFIN,"Triumph Bancorp, Inc.",Financials,Regional Banks,"Dallas, Texas",1539638
TFX,Teleflex,Health Care,Health Care Equipment,"Wayne, Pennsylvania",96943
TGTX,"TG Therapeutics, Inc.",Health Care,Biotechnology,"Morrisville, North Carolina",1001316
THRM,Gentherm Incorporated,Consumer Discretionary,Automotive Parts & Equipment,"Farmington Hills, Michigan",903129
TILE,"Interface, Inc.",Industrials,Office Services & Supplies,"Atlanta, Georgia",715787
TMDX,"TransMedics Group, Inc.",Health Care,Health Care Equipment,"Andover, Massachusetts",1756262
TMP,Tompkins Financial Corporation,Financials,Regional Banks,"Ithaca, New York",1005817
TNC,Tennant Company,Industrials,Industrial Machinery & Supplies & Components,"Eden Prairie, Minnesota",97134
TNDM,Tandem Diabetes Care,Health Care,Health Care Equipment,"San Diego, California",1438133
TPC,Tutor Perini Corporation,Industrials,Construction & Engineering,"Los Angeles, California",77543
TR,"Tootsie Roll Industries, Inc.",Consumer Staples,Packaged Foods & Meats,"Chicago, Illinois",98677
TRIP,TripAdvisor,Communication Services,Interactive Media & Services,"Needham, Massachusetts",1526520
TRMK,Trustmark Corp.,Financials,Regional Banks,"Jackson, Mississippi",36146
TRN,"Trinity Industries, Inc.",Industrials,Construction Machinery & Heavy Transportation Equipment,"Dallas, Texas",99780
TRNO,Terreno Realty Corporation,Real Estate,Industrial REITs,"San Francisco, California",1476150
TRST,TrustCo Bank Corp NY,Financials,Regional Banks,"Glenville, New York",357301
TRUP,Trupanion,Financials,Life & Health Insurance,"Seattle, Washington",1371285
UA,Under Armour (Class C),Consumer Discretionary,"Apparel, Accessories & Luxury Goods","Baltimore, Maryland",1336917
UAA,Under Armour (Class A),Consumer Discretionary,"Apparel, Accessories & Luxury Goods","Baltimore, Maryland",1336917
UCB,"United Community Banks, Inc.",Financials,Regional Banks,"Greenville, South Carolina",857855
UCTT,"Ultra Clean Holdings, Inc.",Information Technology,Semiconductor Materials & Equipment,"Hayward, California",1275014
UE,Urban Edge Properties,Real Estate,Retail REITs,"Paramus, New Jersey",1611547
UFCS,"United Fire Group, Inc.",Financials,Property & Casualty Insurance,"Cedar Rapids, Iowa",101199
UFPT,"UFP Technologies, Inc.",Health Care,Health Care Equipment,"Newburyport, Massachusetts",914156
UNF,UniFirst Corporation,Industrials,Diversified Support Services,"Wilmington, Massachusetts",717954
UNFI,United Natural Foods Inc,Consumer Staples,Food Retail,"Providence, Rhode Island",1020859
UNIT,Uniti Group,Communication Services,Alternative Carriers,"Little Rock, Arkansas",2020795
UPBD,"Upbound Group, Inc.",Consumer Discretionary,Computer & Electronics Retail,"Plano, Texas",933036
UPWK,"Upwork, Inc.",Industrials,Human Resource & Employment Services,"Palo Alto, California",1627475
URBN,"Urban Outfitters, Inc.",Consumer Discretionary,Apparel Retail,"Philadelphia, Pennsylvania",912615
USLM,"United States Lime & Minerals, Inc.",Materials,Construction Materials,"Dallas, Texas",82020
USPH,"U.S. Physical Therapy, Inc.",Health Care,Health Care Facilities,"Houston, Texas",885978
UTI,Universal Technical Institute,Consumer Discretionary,Education Services,"Phoenix, Arizona",1261654
UTL,Unitil Corporation,Utilities,Electric Utilities,"Hampton, New Hampshire",755001
UVV,Universal Corporation,Consumer Staples,Tobacco,"Richmond, Virginia",102037
VAC,Marriott Vacations Worldwide,Consumer Discretionary,"Hotels, Resorts & Cruise Lines","Orlando, Florida",1524358
VCEL,Vericel,Health Care,Biotechnology,"Cambridge, Massachusetts",887359
VCTR,"Victory Capital Holdings, Inc.",Financials,Asset Management & Custody Banks,"San Antonio, Texas",1570827
VCYT,"Veracyte, Inc.",Health Care,Health Care Services,"San Francisco, California",1384101
VECO,Veeco Instruments Inc.,Information Technology,Semiconductor Materials & Equipment,"Plainview, New York",103145
VGNT,Versigent PLC,Consumer Discretionary,Other Specialty Retail,"Schaffhausen, Switzerland",2078008
VIR,"Vir Biotechnology, Inc.",Health Care,Biotechnology,"San Francisco, California",1706431
VIRT,"Virtu Financial, Inc.",Financials,Financial Exchanges & Data,"New York City, New York",1592386
VRRM,Verra Mobility Corporation,Industrials,Data Processing & Outsourced Services,"Mesa, Arizona",1682745
VRTS,"Virtus Investment Partners, Inc.",Financials,Asset Management & Custody Banks,"Hartford, Connecticut",883237
VSAT,"Viasat, Inc.",Information Technology,Communications Equipment,"Carlsbad, California",797721
VSEC,VSE Corporation,Industrials,Aerospace & Defense,"Miramar, Florida",102752
VSH,Vishay Intertechnology,Information Technology,Electronic Components,"Malvern, Pennsylvania",103730
VSNT,"Versant Media Group, Inc.",Communication Services,Cable & Satellite,"Englewood Cliffs, New Jersey",2067876
VSTS,Vestis,Industrials,Diversified Support Services,"Roswell, Georgia",1967649
VSXY,Victoria's Secret,Consumer Discretionary,Apparel Retail,"Reynoldsburg, Ohio",1856437
VTOL,Bristow Group Inc.,Energy,Oil & Gas Equipment & Services,"Houston, Texas",1525221
VVX,"V2X, Inc.",Industrials,Aerospace & Defense,"Reston, Virginia",1601548
VYX,NCR Voyix,Information Technology,IT Consulting & Other Services,"Atlanta, Georgia",70866
WABC,Westamerica Bank,Financials,Regional Banks,"San Rafael, California",311094
WAFD,"WaFd, Inc.",Financials,Regional Banks,"Seattle, Washington",936528
WAY,Waystar Holding Corp,Health Care,Health Care Technology,"Lehi, Utah",1990354
WD,"Walker & Dunlop, Inc.",Financials,Commercial & Residential Mortgage Finance,"Bethesda, Maryland",1497770
WDFC,WD-40 Company,Consumer Staples,Household Products,"San Diego, California",105132
WEN,The Wendy's Company,Consumer Discretionary,Restaurants,"Dublin, Ohio",30697
WERN,Werner Enterprises,Industrials,Cargo Ground Transportation,"Omaha, Nebraska",793074
WGO,"Winnebago Industries, Inc.",Consumer Discretionary,Automobile Manufacturers,"Eden Prairie, Minnesota",107687
WHD,"Cactus, Inc.",Energy,Oil & Gas Equipment & Services,"Houston, Texas",1699136
WINA,Winmark,Consumer Discretionary,Other Specialty Retail,"Minneapolis, Minnesota",908315
WKC,World Kinect Corporation,Energy,Oil & Gas Refining & Marketing,"Doral, Florida",789460
WLY,John Wiley & Sons,Communication Services,Publishing,"Hoboken, New Jersey",107140
WOR,Worthington Enterprises,Industrials,Building Products,"Columbus, Ohio",108516
WRBY,Warby Parker,Consumer Discretionary,"Apparel, Accessories & Luxury Goods","New York City, New York",1504776
WRLD,World Acceptance Corporation,Financials,Consumer Finance,"Greenville, South Carolina",108385
WS,Worthington Steel,Materials,Steel,"Columbus, Ohio",1968487
WSBC,WesBanco,Financials,Regional Banks,"Wheeling, West Virginia",203596
WSC,WillScot Holdings Corp.,Industrials,Office Services & Supplies,"Phoenix, Arizona",1647088
WSFS,WSFS Financial Corporation,Financials,Regional Banks,"Wilmington, Delaware",828944
WT,"WisdomTree Investments, Inc.",Financials,Asset Management & Custody Banks,"New York City, New York",880631
WU,Western Union,Financials,Transaction & Payment Processing Services,"Denver, Colorado",1365135
WWW,"Wolverine World Wide, Inc.",Consumer Discretionary,Footwear,"Rockford, Michigan",110471
XHR,"Xenia Hotels & Resorts, Inc.",Real Estate,Hotel & Resort REITs,"Orlando, Florida",1616000
XNCR,Xencor Inc,Health Care,Biotechnology,"Pasadena, California",1326732
XPEL,"XPEL, Inc.",Consumer Discretionary,Automotive Parts & Equipment,"San Antonio, Texas",1767258
YELP,"Yelp, Inc.",Communication Services,Interactive Media & Services,"San Francisco, California",1345016
YOU,"Clear Secure, Inc.",Information Technology,Application Software,"New York City, New York",1856314
ZD,Ziff Davis,Communication Services,Advertising,"New York City, New York",1084048
ZWS,Zurn Elkay Water Solutions Corp.,Industrials,Industrial Machinery & Supplies & Components,"Milwaukee, Wisconsin",1439288
